{"cameraMode":{"drawMode":0,"name":"Shaded","section":"Shading Mode"},"sceneLighting":true,"audioPlay":false,"sceneViewState":{"m_AlwaysRefresh":false,"showFog":true,"showSkybox":true,"showFlares":true,"showImageEffects":true,"showParticleSystems":true,"showVisualEffectGraphs":true,"m_FxEnabled":true},"in2DMode":false,"pivot":{"x":-13.080039024353028,"y":0.5819915533065796,"z":2.9988722801208498},"rotation":{"x":-0.032194457948207858,"y":0.6470353603363037,"z":-0.027436573058366777,"w":-0.7613521218299866},"size":7.586129188537598,"orthographic":false}